method,sequence,log10_koff,koff_pred,delta_log_koff,residence_time_s,in_target_range,seq_idx,accept_rate,chain
GradKoff,CAIAVVVVEVAEAAAAVTTEEEVVVVEVEACRRRRYYFLCVLEVVVVVVVVVAVWVTVVVVVAVAVAVVVAAAAAAAMFAKKKFFFFFAALKGSETTFMCEYADETATIVEFLNRWITFSQSIISTLT,-3.5921783447265625,0.00025575354093163217,0.4078216552734375,3910.014290935347,True,5.0,,
GradKoff,ACKAVVAVEAAEAAAADTTETTVEEEEEEVARRRYYYFACAVVVAVVVVVVLVVQVAVVVVVVAAVVVVVAAAAAAAMACKKKKFFFFAALKGSETTFMCEYADETATIVEFLNRWITFSQSIISTLT,-3.5837717056274414,0.00026075238796251145,0.4162282943725586,3835.055961764656,True,7.0,,
GradKoff,CCAAVVAVEATEAVAEATTEEEVEVVEEEVARRRYYYFAAVAVVAVVVVVVVAVQVTVVVVVAAAVVVVVAAAAAAAMAAKKKKFFFFAALKGSETTFMCEYADETATIVEFLNRWITFSQSIISTLT,-3.581261396408081,0.00026226395343583337,0.41873860359191895,3812.952511770415,True,2.0,,
GradKoff,ACIAEVAAEVAEVAAEMHTEEEEEEVEVEAARMRKYYFCCTVEVVVVVVVVVVVKVEVVVVAAAAVVAVVAAAAAAAMACKKKFFFFFAHLKGSETTFMCEYADETATIVEFLNRWITFSQSIISTLT,-3.5809755325317383,0.0002624366391895809,0.4190244674682617,3810.4435534918307,True,3.0,,
GradKoff,ACAAEVVAEAATAAAATTTETEEEVVEEEEERRMYYYFCCAAEVAVVVVHVVVVKVEVVVVVAAAVVVVVAAAAAAAMAAKKFFFFFFAHLKGSETTFMCEYADETATIVEFLNRWITFSQSIISTLT,-3.57932448387146,0.00026343623819458106,0.42067551612854004,3795.9849671910865,True,6.0,,
GradKoff,CACCVVVVEVAEAAEAVTEEEEVVEVEVVEEMMRKYYFAIAVEVVVVVVVTVVVIVEVVVVAAAAVVVVVAAAAAAAAAAKKKFFFFFAHLKGSETTFMCEYADETATIVEFLNRWITFSQSIISTLT,-3.5782828330993652,0.00026406884560418754,0.42171716690063477,3786.891246909523,True,0.0,,
GradKoff,CACAVEVVEAEEAAEAETTEETEVEVEVVEERRRKYYFCITVEVVVVVVVVVVVGVVVVVVVAAAVVVVVAAAAAAAAACKKKFFFFFAALKGSETTFMCEYADETATIVEFLNRWITFSQSIISTLT,-3.5779411792755127,0.00026427666686702116,0.4220588207244873,3783.9133202901353,True,8.0,,
GradKoff,CAQCAVAEVATEAAAADTTEEEVVEVEEEEERRMYYYFACALVVVVVVVVVVVVGVVVVVAVAAAVVVVVAAAAAAAAAAKKKFFFFFAALKGSETTFMCEYADETATIVEFLNRWITFSQSIISTLT,-3.577624559402466,0.00026446940648746357,0.4223754405975342,3781.1556855722824,True,4.0,,
GradKoff,QCCAEVVEVAVEAAEAETEEEEVVVVEEEVEMMMKYYFCAAEEVAVVVVVVVVVHVEVVVVVAVAVVVVVAAAAAAAAACKKKFFFFFAHLKGSETTFMCEYADETATIVEFLNRWITFSQSIISTLT,-3.5769495964050293,0.0002648807537573728,0.4230504035949707,3775.28372980993,True,9.0,,
GradKoff,CACCEVEEEVTTAAAADTTEEEEEEVEVVVEMRRYYYFCCVAEVVVVVVHVAAVGVLVVVVVAAAVVVVVAAAAAAAMAAKKFFFFFFAHLKGSETTFMCEYADETATIVEFLNRWITFSQSIISTLT,-3.576463460922241,0.00026517741888840314,0.4235365390777588,3771.0601611249504,True,1.0,,
MCMCKoff,VHSMDHHPDTGNLMENSHLIMEHPNQTVRRCVFVRYTASEGEWEGVVYASKARDQMRTTNLKQLFCNPVRDANKAWPYACKMAHVQQDWYLHGSDTIFQCEYADRTAQIDLFLERRHTFSQSHIQTLT,-2.874073055544603,0.001336370697892076,1.1259269444553972,748.2953656327168,False,,0.946,3.0
MCMCKoff,HQEMFNTRQLHMVALWDKVTRKKLDKRHTVLCEEFQDSITFGVTHFAHQQYTCEAPQHMFVLTTKWKAWNAAQRMGIYMGYFSVKFFQKPLKQTHTTFMCEYTHIIATKVEFTNRWGTESQSIISILT,-2.8626673165720646,0.0013719323076541762,1.1373326834279354,728.8989365006415,False,,0.95,8.0
MCMCKoff,GFIAEASGGIEMITPPYDSCYARCDDADNQQVYGALRYSPLATKAFEWLFEQQHHKEVVTTHVLFACKITAYYTCNLVNCESQVKIWPEGLDGKETTFMCPVADETATIQAFLTRLITCSQSIISTSG,-2.8596216307003246,0.0013815874173811026,1.1403783692996754,723.8050863951636,False,,0.958,7.0
MCMCKoff,HWEIMHFFFVWQRVPCAEMWYFARCGPYIDLFNTWAMQFKQYIEHYFACPELQVTACLSGTNGLRQNQLVRSRCSFDIAHCYSRFFMMNCLKDSETMFMCEYADCTVTLVEFQIRIVISDYPKIHTKT,-2.832273384115698,0.0014713859878031361,1.1677266158843018,679.6313192387114,False,,0.946,2.0
MCMCKoff,MNHCEPVICCVPVCGISAHMGVFWQETGWFWDAHDCEQACHICSVHFLGIFRIVMFNLQIPNRIYQKSKQFVCFYVSGNYTQIDMNFNVYHNGSETWFSQEYFKSDATIVEALNRGITFSQSVASTLT,-2.7713106326372596,0.001693126344948706,1.2286893673627404,590.6233772709357,False,,0.938,5.0
MCMCKoff,HFQQVPKCKHIGYCGKWWNPYYTYAPTCEYPMCCFGQMKYIHKDVRASSSEIPDSFTAFLPCEKAFHWHASRWMNMLAMKFQDTGAQVQFRFGSEQTFMCEDACELTTIVEELNYGITFIAAIFSTLW,-2.766440884911999,0.00171221822374061,1.233559115088001,584.037703917987,False,,0.964,4.0
MCMCKoff,VKQKCVSLPTVWYGKFPQITVAGEHCDPFYKMHQHYWASVPWIHHVRPWCNCWNKVIDFHKDQNVCEHKDWKVHPPHQMFYYHHFVTSKPLQHSKTTWECYGADETGWIIEFLNRWDTKSQSIWYTLT,-2.7570855504007525,0.0017495020253876564,1.2429144495992475,571.5912216668735,False,,0.952,0.0
MCMCKoff,ASRKCAPMMLAYMQCANPCFWMLHPIAAQHCLSVCMWQLCWDMRATADIGTPVGMMTCFCNMLTAPCLANEATVETGVCRMAEWPWFGQGLKGWETTFMCEYWDETATIVEFLNRWRTWSQRFYSTLT,-2.7515815361250056,0.0017718153664402069,1.2484184638749944,564.3928927025404,False,,0.938,6.0
MCMCKoff,QPRRYADSPPMDEARLVGLIPTVAFEKSELFQVQFCCAQCQQISIVEPLIKMCCMVCFKDAILRWRADVGLCGYSTEHAIRFHMMEGEYNLKGEETTFMCEEADGTATCYEFANRWKTFSQSIISTLT,-2.7318801098023346,0.0018540433751352851,1.2681198901976654,539.3617071806815,False,,0.954,9.0
MCMCKoff,KANGKNHPWMKNPCKWPKQTTLKFTTSERIQKTRCCYAANQWLQNGQMVSTCMIHGRCTMALGLNESWNGMECETHHEFNPGCKTQCMRQGQGSFTTFMCEAADETATIVEFLNRWHTFPQSDIFTLT,-2.722730096780431,0.001893520028658165,1.277269903219569,528.1169382235929,False,,0.948,1.0
ProteinMPNN+Filter,GDEETKELLEKLLKKFKEIKEGLNKPDNPKLPLMKLAKFRLPKEFTELEDFQAVLDELPKLQKVLEMGPSSNLSKPPEEYIKEIKEYLEKLVGGGSGKKPVYSEKTATIFEFLDTWINFCESLLKKLK,-4.003046905574671,9.930087936308368e-05,0.0030469055746706886,10070.40427450396,True,,,
ProteinMPNN+Filter,GDEETRANLEELLSLVTEIKNGINDPNNPKLELMNLAKFRLPESFTELEDLRCWLDELPKLEKVLKMGPSKNLSLPPEEYIARLRELLERLEGGEGGRECVYAEETATLLEFLTTLEDFLKAQLAKLE,-3.952267560730256,0.00011161753810769471,0.04773243926974402,8959.165530377002,True,,,
ProteinMPNN+Filter,GDEETKKNLEEILKLFKEIRDGINDPDNPKLELMNLAKFKLPKEFNKLEDFRAVIVELPKLEEVLKMGPSDKLPLPPEEYIAKLRELLEKLEGGGSGKEPVFAEETATILEFLDLVIKFCENQLKKLK,-3.93602116086263,0.00011587208964668235,0.0639788391373699,8630.20597150879,True,,,
ProteinMPNN+Filter,GDEETKENLEEILKMLQEIKEGIDKPDNPKLELMKLSKFKLPKKFDELEDFQCWIDELPKLEKVLKMGKSKNLSLPPEEYISKLRELLLKLEGGKKNKKCEYSEETATILEFLDLYINFCKKLLEKLK,-3.916142037542116,0.0001212992072249057,0.08385796245788413,8244.076963717167,True,,,
ProteinMPNN+Filter,GSEETRELLEEVLKSFKAIKEGINKPDNPKLELMNLAKFKLPKEFTKLEDFQAVLDELPKLEKVLKMGTSNNLPLPPDEYIASLREKLEKLVGGSGGKEPVYAEETATILEFLDTVIEACENLLKKLE,-3.9126225539402384,0.0001222861989860068,0.08737744605976161,8177.537680392125,True,,,
ProteinMPNN+Filter,GSEETKKLLEELLERFEAIKEGLNKPDNPKLELMNLEKFRLPKEFTKLEDLAAVIDELPKLEKVLKMGPSKNLPLPPDEYIAEIREKLEKLEGGGAGKKPEYAEKTATLFEFLDTWINFFKSLLAKLE,-3.89959713779281,0.00012600937636780864,0.10040286220718997,7935.917380315422,True,,,
ProteinMPNN+Filter,MDKETIENLEKLLKKFKEIKEGLDDPDNPKLPLMKLAKFRLPKNFDKLEDLACLLDELPKLEEVLKMGPSSKLSKPPEEYIAEIRELLEKLQGGEGNKECEYAEETATLFEFLDTWISFFEKQLEKLK,-4.11035030134525,7.756212491938327e-05,0.11035030134524959,12892.890712308137,True,,,
ProteinMPNN+Filter,NDEETKKLLENLLNKFTEIKEGLNDPDNPKLELMKLSKFKLPKEFTELEDFQCVLDELPKIEKVLEMGPSKNLSLPPKEYIAEIRKDLEKLVGGEGNKKCVYSEKTATLFEFLDTYINFCKNMLKKLK,-3.8783289755250294,0.00013233387340984656,0.12167102447497058,7556.644222926471,True,,,
ProteinMPNN+Filter,GSEETKENLEELLKLFEEIKEAIDDPDNPKLPLMNLAKFKLPKEFTELEDLQALLVELPKLEEVLRMGPSPGLPLPPEEYIAKLRELLEKLQGGGGGKEPVFAEETATLLEYLDLYIEFFKSLLEKLK,-4.141404982391514,7.220961302730147e-05,0.14140498239151356,13848.571652390847,True,,,
ProteinMPNN+Filter,GDEETKELLEELLADFEEIRDGLDDPDNPKLELMNLEKFKLCKKFDKLEDLACLLDELPKIKEVLEMGPSTKLRLPPDEYIARIREKVEKLQGGKSGKKCVYAEETATLFEYLDTYITFLKNQLAKLK,-3.8359466078329127,0.00014589936179370934,0.16405339216708725,6854.039577047118,True,,,
ProteinMPNN+Filter,GDKETIENLEKLLNRFEAIYNGLNDPDNPKLPLMNLAKFRLPKKFDKLEDFQAVLEELPKLEKVLKMGPSKNLPLPPDEYIAEIRELLEKLQGGKGGVKPEYSEKTATLFEYLETVINFCKNLLSKLK,-4.21003975662498,6.165385594813038e-05,0.21003975662497965,16219.585695358677,True,,,
ProteinMPNN+Filter,GDEETINNLKEILELLKEIKEGLNKPDNPKLPLMNLHKFKLPKEFTELEDISALLDELPKIKEVLKMGPSKNLKLPPDEYIKKLEELCKKLEGGGKNKKPEYAEETATLFEFLDTWINFCENQLKKLK,-3.77247960137651,0.00016885751692676416,0.22752039862348994,5922.152701284325,True,,,
ProteinMPNN+Filter,NDEETKKNLEELLEAFKAILEGINDPNNPKLELMKLAKFKLCKEFDKLEDLSCVIDELPAIKKVLEMGPSSKLPLPPDEYIAKIRELLEKLEGGKDNKKCVYAEETATLLEFLKTVITFLENQLKKLK,-3.7168355127469823,0.0001919395566215518,0.2831644872530177,5209.9734812439165,True,,,
ProteinMPNN+Filter,GDEETKNNLKKLLDLFKEIKEGIDKPDNPKLPLMKLAKFKLPKEFNKLEDLEALLDELPKIEKVLKMGPSKNLKLPPEELISEIKKLLEKLQGGGSNKKPVYAEETATLLEFLDTYIDFFENQLKKLE,-3.678673317371654,0.0002095688270310854,0.32132668262834585,4771.702042554592,True,,,
ProteinMPNN+Filter,GDEETIENLKELLERFKEIKEGIDDPNNPKLELMNLEKFRLPKELTELEDLQAVLDELPKLEKVLKMGPSKNLKLPPEEYIAELRELLEKLVGGGKNKKPVYAEETATILEFLDTWINFLESQLEKLK,-4.323928794610602,4.743197466757748e-05,0.32392879461060176,21082.824550493748,True,,,
ProteinMPNN+Filter,GDEETKKNLEELLEMFKEIRDGLNDPNNPHLELMKLAKFKLPKEFTELEDLSAFIDELPKLEEVLKIGPSPNLRLPPEEYIKKMLELLKKLEGGKSNKEPVYAEETATIFEFLDTWISFFESLLAKLK,-4.343532541279707,4.533853247675233e-05,0.343532541279707,22056.29395950911,True,,,
ProteinMPNN+Filter,GSEETINLLKELLERFKEIKEGIDDPDNPKLELMNLAKFKLPKEFTTLEDLQALLDELPKLKKVLEMGPSSKLSLPPEEYIADIREKIEKLQGGGGGKKPVYAEKTATILEFLDTWIEFFENQLKKLK,-4.346473030163139,4.5032594581606645e-05,0.34647303016313913,22206.13778288594,True,,,
ProteinMPNN+Filter,GSEETKELLERLLKKFEEIYEGLNKPDNPKLPLMKLAKFRLPKEFTELEDLQCVLDELPKLEEVLKMGPSKNLSLPPDEYIAEIRKDIEKLQGGEGKKECVYAEETGTIFEFLKTVIDFLKDMLKKLK,-3.649587949537441,0.00022408462031658363,0.35041205046255897,4462.599881184233,True,,,
ProteinMPNN+Filter,GSEETINNLKKLLNMFKEIKEGLNKPDNPKLELMKLEKFRLCKKFDKLEDLSCLIDELPKIEKVLKMGPSSNLPLPPDEYIAEMKELLEKLEGGGSGKKCVYAEETATLFEFLDTYINFFENLLKKLK,-3.622106493039297,0.00023872258411970797,0.377893506960703,4188.962697800505,True,,,
ProteinMPNN+Filter,GDQETIDLLKELLERFKAIKEGINDPNNPKLELMNLAKFRLPKEFTELEDLSCVLDELPKLEKVLKMGPSPNLPLPPEEYIAEIRANLEKLEGGGKGKKCVYAEKTATILEFLDLVINFLESQLSKLK,-4.38382161685913,4.132171929435831e-05,0.3838216168591302,24200.34831746536,True,,,
ProteinMPNN+Filter,GSEEKINLLKEVLEALKAIKEGLNDPDNPKLELMKLAKFRLPKEFNKLEDFQALLDELPAIEKVLEMGPSPNLPLPPAEYIAALRERLEKLVGGEEGKEPEYAEETATLFEFLDTWINACENLLKKLK,-4.405032839314821,3.935203181672246e-05,0.4050328393148206,25411.648492697517,True,,,
ProteinMPNN+Filter,GSEETKELLEELLEMFKEIRDGIDKPDNPKLELMNLAKFRLPKEFTELEDFQALLDELPKLEKVLKMGPSKNLSLPPEEYIARIREILEKIEGGEKGKKPEYAEETATILEFLTTWIEFCENLLKKLE,-4.488763427068555,3.245163427731943e-05,0.48876342706855525,30815.089047731064,True,,,
ProteinMPNN+Filter,GDEETIKLLEELLKMFKEIYEGLNKPDNPHLELMKLAKFRLPKEFTDLEDLQAVLVELPKLKKVLEMGPSSNLPLPPDEYIARIRELLEKLQGGEGGKEPVYAEETATLFEFLKTVIDFLESQLAKLK,-4.496249138736992,3.189707512517591e-05,0.4962491387369923,31350.83690512783,True,,,
ProteinMPNN+Filter,GSEETIELLKRLLERFEEIKNGLNNPDNPKLPLMNLYKFRLPKEFTDLSDLQALLDELPKIEKVLKMGPSPNLELPPEEYIAEIREDLEKLVGGEGGREPEYAEETATLFEYLDTYINFLKSQLKKLK,-4.528230211332769,2.9632602046583316e-05,0.5282302113327688,33746.61457093679,False,,,
ProteinMPNN+Filter,GSEETIENLKELLELFEQIRNGLNDPNNPKLELMKLSKFKLPKELTELEDLQAILDELPKIKKVLEIGPSKNLPLPPEEYIAKMKELLEKLQGGGSGKKPEYSEKTATLFEFLDTWIEFFKNQLEKLK,-3.4470243395361138,0.0003572528157665684,0.5529756604638862,2799.138189727824,False,,,
ProteinMPNN+Filter,GSEETKELLEEVLSAFEEIKEGINDPDNPKLELMNLSKFKLPKEFTKLEDFTAVLVELPKLEKVLKMGPSKNLSLPPEEYIAKIREKLEKLVGGGSNKEPEFAEETATILEFLDTVINFCKSQLEKLE,-4.568474502790323,2.70100567834897e-05,0.5684745027903233,37023.246860083054,False,,,
ProteinMPNN+Filter,GDQETRDLLLEVLSLFKEIYEGLNKPDNPKLELMNLAKFRLPKEFTELEDFQAWLDELPKIEAVLKMGPSKNLPLPPEEYIARLRELLEKLVGGEGGKKPEYAEETATLFEFLKTLIDFCESQLAKLE,-4.587673912816271,2.584199791961144e-05,0.5876739128162711,38696.698417466476,False,,,
ProteinMPNN+Filter,GSEETKALLEEILAAFEAILEGINKPDNPKLPLMKLAKFRLPKEFTDLSDFQAVLDELPRLEKVLRMGPSKNLPLPPEEYIATLREKLEKLQGGGGGKKPVYAEETATILEFLQLCIDFCKSLLAKLQ,-4.600764311638493,2.5074696688578095e-05,0.6007643116384926,39880.8413286018,False,,,
ProteinMPNN+Filter,GSEETINLLKELLEMFKEIRDGLNDPNNPKLELMKLAKFRLPKEFTELEDFAALLVELPKLEKVLKMGPSKNLKLPPEEYIAKIRELLEKLEGGGGGKEPVFAEETATLFEFLDTWINFLESLLKKLE,-4.619608099178336,2.400998566815956e-05,0.6196080991783361,41649.33764729952,False,,,
ProteinMPNN+Filter,GDEETRANLEKLLAMLEEIKTGLNDPNNPHLPLMKLAKFRLPKEFDTLEDLAAWLEELPRLKEVLEMGPSKNLSLPPDEYIAELTALTEKLQGGAGGKAPVFAEEKATLFEFLDLYIDFCRRLLAKLE,-4.624426322314406,2.3745082218457625e-05,0.624426322314406,42113.98346823478,False,,,
ProteinMPNN+Filter,GDEETINNLKELLEMLEEIKNGLNKPENPHLELMKLHKFKLPKEFTELEDFQAFLDELPKLKEVLEMGPSSNLPLPPEEYIKKMEELVKKLQGGKGGKKPVYAEKTATIFEYLDLFINFCKNQLEKLK,-3.303145660039199,0.0004975701746230245,0.6968543399608009,2009.7667645727215,False,,,
ProteinMPNN+Filter,GDEETRRLLEELLALFREIREAVDDPDNPHLELMNLAKFRLPKEFTELEDLQCVLDELPRLQKVLELGPSPGLPLPPEEYIARIRALLEKLQGGGGGKECVYAEETATLLEFLDTVINFLESLLAKLE,-4.7128722211200795,1.936991785216955e-05,0.7128722211200795,51626.44506971896,False,,,
ProteinMPNN+Filter,GDAETRELLERLLERFRAIRDGLDDPDNPHLELMKLAKFRLPKEFTKLEDLQCLLDELPALEKVLRMGPSPNLPLPPAEYIAELRADVEKLVGGEGGKECEYAEETATLFEFLDTVIDFLEAQLAKLK,-4.723875954051721,1.888530686197501e-05,0.7238759540517208,52951.21796582874,False,,,
ProteinMPNN+Filter,KDEETINLLKELLEMVTEIKEGIDNPDNPHLELMNLAKFRLPKEFTKLEDLAAWLDELPALQKVLEMGPSKNLKLPPEEYIAELREKVEKLQGGEGGKEPVYAEETATILEFLDTLIEFLKNQLKKLE,-4.804690638490968,1.5678675133679978e-05,0.8046906384909676,63780.899309015,False,,,
ProteinMPNN+Filter,GDEETINLLKELLEMFKEIKEGIDDPNNPKLELMKLAKFRLPKELTKLEDLSAVLVELPKLEKVLKMGPSSKLPLPPDEYIAKIREKLEKLEGGEENKEPVFAEETATILEFLDLVIEFFENMLKKLK,-4.810402898933404,1.5473804339588114e-05,0.810402898933404,64625.34862494056,False,,,
ProteinMPNN+Filter,GDEETKENLEKLLKLFKEIKEGLNDPDNPHLELMNLEKFRLPKEFTKLEDFAAVLVELPKLERVLKLGPSKNLSKPPEELIAEIRELLEKLEGGGSGKEPVFAEETATLFEYLDTVINFCENMLKKLE,-4.81786612714474,1.5210163162935355e-05,0.8178661271447396,65745.51431748175,False,,,
ProteinMPNN+Filter,GSEETREKLEELLERFEAIRKGLNDPDNPHLELMKLAKFRLPKEFDELEDLAAWLEELPKLEAVLELGPSPNLPLPPEEYIAELRELLEELQGGEGGKEPEYAEETATIFEYLDLMIEFLREQLEKLE,-4.836854777609403,1.4559458484289733e-05,0.8368547776094033,68683.87317282727,False,,,
ProteinMPNN+Filter,GSKEKIDLLKELLKMFKEIYDGINDPDNPKLELMNLAKFRLPKEFTKLEDLEAVIDELPKLKKVLKMGPSKNLSLPPDEYIAKIEEKLKKLAGGKGNKKPVYAEETATILEYLKLVIDFLENLLKKLK,-4.882544452701524,1.3105558920741697e-05,0.8825444527015236,76303.49884714463,False,,,
ProteinMPNN+Filter,ADEETRELLEELLQAFEEIKAAIDDPDNPKLELMELEKFRLPKRFDRLEDLAALLDELPKLEKVLKMGPSKGLSLPPEEYIARIREKLERLQGGEGGREPVYAEETATLSEFLDTWITFFKNQLAKLE,-5.021189879067663,9.523796804826447e-06,1.0211898790676628,105000.1402269757,False,,,
ProteinMPNN+Filter,GDAETRELLRRLLAAARAILEALNDPDNPHLALMQLAKFRLPKEFTELEDLACWLAELPRIERVLRLAPSAGLALPPDAYIAELRADLERLEGGGAGKECEYAEETATLSEYLTLLIDFLEALLARLE,-5.181517218149949,6.583893267545365e-06,1.1815172181499491,151885.81578765847,False,,,
ProteinMPNN+Filter,ADAETRALLEECLAAAEAIRAGLNDPANPHLEDMRLAKFRLPAEFTELADLAAWLEELPRLEAVLRRGPSPRLPLPPAEYIARLREALERLQGGAGGREPVYAEETATLLEFLDLLIAFFRAQLAKLQ,-5.231658983332821,5.8659859260661095e-06,1.2316589833328209,170474.32649921603,False,,,
ProteinMPNN+Filter,GSEETRNLLEELLERFEEIREALDKPDNPHLPLMRLAKFRLPKEFTSLEDLACVLVELPRLEAVLRMGPSKGLRLPPAEYIAEMRELLEKLQGGGSGKEPVFAEETATLFEFLDTVIEFLKSQLEKLE,-5.2324744199354996,5.854982213113418e-06,1.2324744199354996,170794.71185417054,False,,,
ProteinMPNN+Filter,STKKTQLQLEHLLLDLQMILNGINNYKNPKLTRMLTFKFYMPKKATELKHLQCLEEELKPLEEVLNLAQSKNFHLRPRDLISNINVIVLELKGSETTFMCEYADETATIVEFLNRWITFSQSIISTLT,-5.25691375501242,5.534600079462898e-06,1.2569137550124196,180681.5281397973,False,,,
ProteinMPNN+Filter,GSEETIALLRECLEAFREIRDGLDDPDNPKLELMNLAKFRLPKEFTRLEDLAALLDELPRLEKVLKMGPSPNLPLPPAEYIARLRERLERLQGGEGGREPVYAEETATLLEYLDTWIEFFESQLARLR,-5.296889524531096,5.047896892138317e-06,1.296889524531096,198102.30307148656,False,,,
ProteinMPNN+Filter,GSEETKKLLEELLNSFKAIKNGINDPNNPKLPLMNLAKFRLPKEFNELEDLQCVLDELPKLEKVLKMGPSPNLPLPPDEYIAEIKKKLEKLQGGGKGKKCEYAEETATLLEYLDLVINFLENQLKKLE,-2.646936580666253,0.002254568419162164,1.353063419333747,443.54386919498194,False,,,
ProteinMPNN+Filter,GDEETRRLLEECLERFKEIKEGIDKEDNPHLELMKLRKFRLPKELTELEDLRAVLDELPLLEKVLKMGPSKNLRLPPEEYIAELRERLERLEGGEGGREPVYAEETATLLEFLDTVIDFLEAQLAKLE,-5.370976171526991,4.256217651194149e-06,1.3709761715269906,234950.3906877117,False,,,
ProteinMPNN+Filter,GSEETRALLEELLAAFRAIRDGIDDPDNPKLPLMKLAKFRLPKEFTELEDLAALLVELPKLEAVLRMGPSPALPLPPAEYIAALRERLERLQGGGGGREPVFAEETATLLEYLDLYIAFLEALLAKLE,-5.385516387747586,4.116078153249729e-06,1.385516387747586,242949.71153802783,False,,,
ProteinMPNN+Filter,GSEEVRRDLEEVLRLLEEIRRGLNDPDNPHLPLMKLAKFRLPARFDRLEDFACLLAELPRLRKVLEMGPSSRLPLPPEEYIARLRRLVERLQGGAGGREPVYAEETATLFEFLDTWISFCRRLLARLE,-5.398646361110153,3.993499541347271e-06,1.3986463611101527,250406.93998994026,False,,,
ProteinMPNN+Filter,GDEETRALLEEVLARLEELREGLDRPDNPHLELMKLEKFRLPKEFTRLEDLAAVLDELPALEAVLRMGPSPRLRLPPAEYIAELRAALERLAGGAGGREPEYAEETATVFEWLDLWIAFCRAQLAKLE,-5.450482976815337,3.5441902228854063e-06,1.450482976815337,282151.89849089907,False,,,
ProteinMPNN+Filter,GDARTRALLEELLAAVRAIRDGIDRPDNPKLELMKLAKFRLPAEFTRLEDLTAWLVELPRLEKVLKMGPSSALPLPPEEYIARLRALVEELVGGAGGREPVFAEETATLLEFLDTLEDFLAAQLAKLA,-5.472766641895532,3.3669243467895714e-06,1.4727666418955323,297006.97045762837,False,,,
