pdb	hchain	lchain	antigen_chain	koff_s	affinity_method
6fe4	F		A	0.00096	SPR
5w08	K	L	C	0.004	SPR
2ny3	D	C	A	0.0815	SPR
6h7o	D		B	1.4000000000000003e-05	Unknown
1nca	H	L	N	0.00083	Other
4ypg	H	L	D	4.399999999999999e-06	SPR
5toj	E		B	0.0023	SPR
2vxs	J	N	D	0.00021	SPR
2oqj	E	D	F	20.0	SPR
5y7z	D		B	0.0015400000000000001	Unknown
2ny0	D	C	A	0.023200000000000002	SPR
4f9p	D	d	B	0.0015000000000000002	SPR
4j8r	B	A	I	0.002	Unknown
5zia	G	L	R	0.03	Unknown
2r56	I	M	B	0.00013000000000000002	SPR
1g6v	K		A	0.0072	SPR
2qhr	H	L	P	0.0041	SPR
5nqw	C		B	0.00014	SPR
5mi0	B	C	A	0.041	SPR
1vfb	B	A	C	0.00037	ITC
2p42	D		C	0.0023	Other
3hi6	H	L	A	0.47	SPR
1oau	J	N	J	0.002	Other
4ypg	B	A	C	4.399999999999999e-06	SPR
3q3g	K	J	L	0.000497	SPR
3t0w		A	A	0.005	Unknown
5drz	H	L	P	0.00044000000000000007	Unknown
2vwe	E	C	A	1.14e-05	SPR
1q72	H	L	H	0.014	Unknown
1mh5	H	L	H	6.1000000000000005e-05	Unknown
5m2m	J		I	0.00015	SPR
2x89	A		D	0.004399999999999999	SPR
1zea	H	L	A	0.6	Unknown
3dvn	B	A	Y | X	0.0092	SPR
4kro	B		A	0.02760000000000001	SPR
5a2i	H	h	P	0.88	Unknown
3eob	H	L	I	0.00021999999999999998	SPR
4kxz	Q	P	D	0.0003	SPR
1sy6	H	L	A	0.273	SPR
5xmh	H	L	A	15.999999999989999	SPR
5tkj	J	K	L	0.0007150000000000001	Unknown
3etb	I	i	M	3.5000000000000004e-06	SPR
5drz	B	A	Q	0.00044000000000000007	Unknown
3ifp	E	F	S	0.00245	SPR
5myk	B	A	C	9.900000000000001e-05	Unknown
2ntf	H	L	H	0.03	Other
4xgz	C	D	c	0.0024000000000000002	Unknown
6bf4	B	C	A	0.0178	SPR
4dn4	H	L	M	3.7999999999999996e-06	Unknown
1kxt	B		A	0.0235	SPR
5ip4	A		E	0.0451	SPR
5toj	F		C	0.0023	SPR
4yhp	H	L	P	0.0002	Unknown
5csz	H	L	D	0.0017	Unknown
4mhj	K	J	G	0.0001	BLI
6azl	B	A		1.1800000000000002	Unknown
4f9l	d	D	A	0.0066000000000000026	SPR
5u7o	H	L	G	0.007300000000000001	Unknown
3uc0	I	M	B	0.00013000000000000002	Other
5c0s	H	L	A	0.0007700000000000001	SPR
3iu3	A	B	K	1.4000000000000001e-05	SPR
1kxq	G		B	0.00035	SPR
4khx	H	L	A	0.00042	ITC
1ngw	B	A	B	0.00207	SPR
4m5z	H	L	A	0.0005	BLI
1jps	H	L	T	1e-05	SPR
4hj0	C	D	B	0.0023	SPR
4f3f	B	A	C	7.2e-05	SPR
5nh3	I	M	B	9.730000000000001e-05	Unknown
3fku	U	u	H | G	1.3e-05	SPR
2z92	A	B	A	0.00111	ITC
4x7f	D		B	0.0028000000000000004	ITC
4yhp	E	F		0.0002	Unknown
4zs6	C	D	B	0.0312	SPR
1n7m	L	H	L	0.19599999999999998	SPR
3ogo	G		B	0.00014	Other
4z5r	W	V	F	1.8e-06	SPR
6bit	J	L	G	0.00026000000000000003	SPR
5kov	C	c	A	0.00018700000000000005	SPR
2qr0	R	Q	P	0.00078	SPR
5bo1	I	M	A	7.900000000000001e-05	SPR
4n8c	H	L	X	4e-05	Unknown
5u8q	H	L	A	0.24	ITC
1dbb	H	L	H	0.0001	Unknown
6bli	D	E	F	5.2000000000000004e-05	Unknown
5dmi	H	L	A	9.099999999999999e-05	SPR
4m8q	A	B	S	0.00039600000000000003	SPR
4kxz	N	M	E	0.0003	SPR
6h06	E	F	J	0.5599999999999999	Unknown
4cmh	B	C	A	2e-05	Fluorescence
5vm0	B		B	0.00016	Unknown
3ikc	B	A	B	0.0035	Unknown
5o2u	D		C	6.9e-05	SPR
5aaw	K	k	L	0.0004320000000000001	SPR
3eoa	H	L	I	0.00021999999999999998	SPR
4m1g	H	L	B | A	0.00144	SPR
6mu3	H	L	H	0.06999999999999999	Unknown
4xi5	D	C	B | A	4.9000000000000005e-05	SPR
5dwu	H	L	A | B	0.0049	SPR
3n85	H	L	A	7.9e-05	SPR
3uaj	C	D	B	0.00029	Unknown
5i5k	X	Y	A	1.7600000000000003e-06	SPR
2nyy	D	C	A	2.48e-07	Other
3eo1	H	G	I	2.5e-05	Other
5boz	I		C	7e-05	SPR
6bb4	I	M	Q	0.0015400000000000001	Unknown
5kzp	F	J	C	0.007	Unknown
5icx	B	A		0.011000000000000001	Unknown
4iof	E	F	B	0.0004	SPR
2hkf	H	L	P	0.031	ITC
5n88	A		D	0.10130000000000002	SPR
5kzp	H	L	A	0.007	Unknown
5dyo	H	L	A	6.099999999999999e-06	Unknown
1dzb	A	a	X	0.052	Other
5alb	H	L	L	1.96e-06	Unknown
5hgg	T		A	5.4e-06	SPR
5hys	A	B	G	3.89e-06	SPR
5m63	H	L	L	0.011000000000000001	Unknown
2vis	B	A	C	0.39999999999999997	Other
4nm8	H	L	B | A	0.00025	BLI
4aei	H	L	A	8e-05	Unknown
2y06	H	L	P	0.08	Unknown
1igj	D	C	D	4.17e-06	Other
1ob1	B	A	C	2e-05	Other
5mes	H	L	A	0.03400000000000001	Unknown
5e7f	B		H	0.00091	SPR
5m2m	H		G	0.00015	SPR
5esq	B	A		0.16	Unknown
5d1q	B	A	E	1.3e-06	SPR
3nfp	H	L	I	2.7e-05	SPR
4jan	A	B	I	0.002	SPR
5o0w	H		D	7.3829999999999994e-06	SPR
5fv2	A		X	7.170000000000001e-07	SPR
2vxs	K	O	C	0.00021	SPR
3hzm	B	A	B	0.3	Unknown
3g5y	B	A	E	0.0154	SPR
5mev	H	L	A	0.01	Unknown
1f90	H	L	E	0.00119	Other
6ii8	J	K	E	0.0386	SPR
2r23	B	A	B	18.99999999999	Unknown
4mhh	H	L	E	9e-05	BLI
4z5r	Z	Y	X	1.8e-06	SPR
4yho	H	L	H	1.8e-06	Unknown
1d6v	H	L	H	0.067	Unknown
3dvn	H	L	V | U	0.0092	SPR
5t6p	D	C	E	0.08800000000000001	Unknown
5tfw	H	L	O	1.64e-06	SPR
1uwx	H	L	P	0.16	SPR
3gm0	a	A	A	0.0017	Unknown
2jix	H	L	E	0.0029999999999999996	SPR
2r0z	H	L	Q	0.34	SPR
4d9r	H	L	A	4e-07	SPR
3lrh		G	H	0.0045000000000000005	Unknown
4lmq	E	I	F	9.23e-05	BLI
3hae	H	L	A | C	0.0046	SPR
5t1l	D	C		0.023999999999999997	Unknown
5xwd	H	D	A	0.00059	SPR
5t29	H	L	O	3.79e-05	SPR
1ind	H	L	H	2.5e-05	Other
3b2u	F	G	E	0.0001	SPR
3c09	H	L	D	0.0043	SPR
3nh7	K	O	D	0.002	SPR
5boz	G		A	7e-05	SPR
3etb	F	f	J	3.5000000000000004e-06	SPR
2a6k	H	L	P	0.021	Unknown
4r3s	A	B	Q	0.0006000000000000001	Unknown
3lrh		A	B	0.0045000000000000005	Unknown
4etq	H	L	C	1.8e-05	SPR
1f4x	H	L	H	0.256	Other
6bf4	H	L	G	0.0178	SPR
5tz2	H	L	C	0.00011200000000000003	SPR
3mac	H	L	A	0.02	ITC
5yoy	P	M	K	1.8e-06	Unknown
3h42	H	L	B | A	4e-07	Other
1hez	D	C	E	0.014499999999999999	Other
1jgl	H	L	L	0.0002	Unknown
5eoc	J	M	Q	0.00303	Unknown
1zv5	A		L	0.001	SPR
4gxu	M	N	A	0.000624	SPR
4xh2	A	B	a	0.0006000000000000001	Unknown
6h06	H	L	I	0.5599999999999999	Unknown
4f9l	c	C	B	0.0066000000000000026	SPR
3gjf	H	L	A | C	0.006299999999999999	SPR
4am0	C	D	T	4.2e-05	ELISA
4mhj	H	L	A	0.0001	BLI
4aei	I	M	B	8e-05	Unknown
6cmg	C	B	A	0.0027400000000000002	SPR
4odx	H	B	X	0.00020600000000000002	SPR
2fx8	J	N	R	0.030199999999999998	SPR
4onf	H	L	P	0.00012	Unknown
6mhr	A	B	C	0.0022	SPR
2i60	H	L	G	0.0006240000000000001	SPR
3ijh	B	A	B	10.0	Unknown
2p44	B		A	0.002	Other
6cdp	A	B	C	0.000164	Unknown
1mlc	B	A	E	0.009099999999999999	SPR
1ngw	H	L	H	0.00207	SPR
2ny1	D	C	A	0.0202	SPR
5imm	B		A	0.00035	ITC
3t0x		A	A	0.001	Unknown
4wht	A	B	a	0.0007900000000000001	Unknown
4yk4	C	B	A	0.036399999999999995	BLI
4i2x	D	C	F	0.12	AUC
4z9k	B		A	0.00022000000000000003	SPR
4uil	H	L	H	0.0058000000000000005	Unknown
3l5w	B	A	J	5.4e-06	SPR
5ywy	H	L	A	0.005900000000000002	Unknown
5w08	I	J	B	0.004	SPR
5aaw	D	d	E	0.0004320000000000001	SPR
3t2n	H	L	A	0.00398	SPR
6mub	M	K	M	0.01	Unknown
5vzy	H	L	A	0.00032	Unknown
2jb6	B	A	B	1.0999999999999998e-06	Unknown
5vob	H	L	D | B	1.5e-05	SPR
5hyq	B	A		0.015000000000000001	Unknown
2r1w	B	A	B	2.5	Unknown
4gxu	W	X	K	0.000624	SPR
3lrh		O	P	0.0045000000000000005	Unknown
1pz5	B	A	C	0.39999999999999997	ITC
3p0y	H	L	A	0.000192	SPR
4gxu	U	V	I	0.000624	SPR
6ani	I	M		0.00078	Unknown
5tzt	H	L	C	0.000287	SPR
5my6	B		A	0.00039900000000000005	SPR
1e6j	H	L	P	0.0029000000000000002	SPR
4u6h	A	B	E	9.1e-06	SPR
4leo	A	B	C	5e-05	SPR
1w72	I	M	D | F	0.0014	SPR
6b3s	C	D	B	0.0012000000000000001	SPR
2oqj	B	A	C	20.0	SPR
6a0z	H	L	A	0.005300000000000001	SPR
6au5	D	C		0.27	Unknown
6e63	H	L	P	0.00037000000000000005	SPR
3ve0	A	B	J | J | I	0.194	SPR
4pgj	A		B	0.0026000000000000003	SPR
4wv1	B	A	C	0.00026000000000000003	SPR
5wi9	H	L	A	8.6e-06	SPR
3qxt	B		B	0.6	Unknown
6flb	H	L	G	0.0001	SPR
2vyr	E		A	0.004399999999999999	ITC
1nl0	H	L	G	0.00016	Unknown
3lhp	H	L	S	7.5e-07	SPR
5yoy	Q	N	L	1.8e-06	Unknown
5icy	D	C		0.87	Unknown
4x7s	H	L		0.001	Unknown
5gzo	C	D	B	0.01636	SPR
3lqa	H	L	G | C	0.16	SPR
6e63	B	C	A	0.00037000000000000005	SPR
3lh2	K	O	V	0.00056	SPR
3b2u	T	U	S	0.0001	SPR
5anm	H	L	F	1.9499999999999999e-07	Kinetic Exclusion Assay
5zxv	C	D	B	0.00576	SPR
6ii8	H	L	C	0.0386	SPR
2vyr	G		C	0.004399999999999999	ITC
5boz	J		D	7e-05	SPR
2aep	H	L	A	0.0012	Other
5zia	O	P	Q	0.03	Unknown
2i5y	R	Q	P	0.00027	SPR
4why	M	N	B	0.0007900000000000001	Unknown
3rkd	D	C	B	0.000589	SPR
3ifp	C	D	R	0.00245	SPR
5f3b	E	F	D	3.0000000000000004e-07	SPR
1flr	H	L	L	5e-05	Other
4iof	C	D	A	0.0004	SPR
1oau	H	L	H	0.002	Other
6bb4	J	N	R	0.0015400000000000001	Unknown
3h3p	I	M	T	0.0014	SPR
5dmj	E		D	0.00053	SPR
6h0e	C	D	G	0.024000000000000007	Unknown
1fl3	A	B	A	0.016	Unknown
2fl5	H	L	H	0.00018	Unknown
6b5r	H	L	A	0.000169	Unknown
4g6f	H	L	P	0.0017	Unknown
3uaj	H	L	A	0.00029	Unknown
3nh7	H	L	A	0.002	SPR
4wuu	E	D	A | C	0.00132	SPR
1tet	H	L	P	0.083	Other
5fv2	B		V	7.170000000000001e-07	SPR
3p9w	F		E	0.0016	SPR
1c12	B	A	A	0.00019	Other
4h88	H	L	A	0.00029	SPR
4u6v	H	L	A	1e-06	SPR
2cmr	H	L	A	5e-06	SPR
4jzj	H	L	C	0.0004	SPR
1dee	B	A		0.04	Unknown
1bj1	H	L	W	0.00033999999999999997	SPR
5t1l	B	A		0.023999999999999997	Unknown
3nfp	A	B	K	2.7e-05	SPR
2a6k	B	A		0.021	Unknown
5j57	B		A	2e-06	SPR
1mhh	D	C		0.0001	Unknown
4k3h		E	E	0.014	Unknown
3e8u	H	L	P	2e-05	Other
4idj	H	L	A	1.7e-07	Unknown
5a2j	H	h	P	0.13999999999999999	Unknown
3kr3	H	L	D	4.9e-06	SPR
5t5b	A	B	O	1.2299999999999999e-05	SPR
6b3s	F	G	E	0.0012000000000000001	SPR
5gkr	A	B	T	0.000461	Unknown
2jb6	H	L	H	1.0999999999999998e-06	Unknown
5gzo	H	L	A	0.01636	SPR
6bck	H	L	G	8.6e-05	Unknown
2xzq	H	L	P	0.026	Unknown
4qti	H	L	U	0.0017200000000000002	SPR
3qxt	A		A	0.6	Unknown
2fx9	H	L	P	0.0017	SPR
5zia	A	B	C	0.03	Unknown
3ggw	B	A	E	0.29000000000000004	ITC
4dkf	H	L	A	0.00031	SPR
3qwo	H	L	P	0.0087	SPR
4gms	J	N	E	0.002	BLI
4xgz	A	B	a	0.0024000000000000002	Unknown
6and	H	L		0.00078	Unknown
5vyf	B	A	C	1.87e-05	SPR
5dmj	G		F	0.00053	SPR
5kov	K	k	H	0.00018700000000000005	SPR
5tkj	A	B	C	0.0007150000000000001	Unknown
5kn5	D	E	F	1.0199999999999999e-05	Unknown
5zia	D	E	F	0.03	Unknown
4fqv	J	N	D | C	0.00010999999999999999	BLI
2c1p	B	A	B	0.39999999999999997	Unknown
6cwt	C	D	F	2e-07	AUC
4hkx	A	B	E	0.036	SPR
2vyr	I			0.004399999999999999	ITC
5sx4	H	L	N	3.4000000000000007e-05	SPR
3dvg	B	A	Y | X	0.00087	SPR
1i8i	B	A	C	0.0022	Unknown
1i8k	B	A	C	0.0021999999999999997	SPR
1oau	K			0.002	Other
6ana	H	L		0.0009000000000000001	Unknown
2a6i	B	A	P	0.011999999999999999	SPR
1aj7	H	L	H	13.5	SPR
6fe4	I		D	0.00096	SPR
2zpk	I	M	Q	0.147	SPR
4rdq	G	F	E	0.0015000000000000002	Unknown
2pcp	D	C	C	0.0002	Unknown
5czx	H	L	A	6e-05	SPR
4ala	H	L	C	4.7000000000000004e-05	ELISA
5tkj	G	H	I	0.0007150000000000001	Unknown
4x7d	C		B	0.00035	ITC
4g3y	H	L	C	0.00087	SPR
1s3k	H	L	H	0.023999999999999997	Unknown
6blh	H	L	G	0.00040999999999999994	Unknown
3eo1	K	J	L	2.5e-05	Other
6h7n	D		B	0.00035	Unknown
5wux	C	D	G	2.74e-06	SPR
4eiz	C		B	0.0003	SPR
2wub	R	Q	C	0.015	SPR
3hae	O	N	J | M	0.0046	SPR
1n64	H	L	P	0.00013000000000000002	SPR
4dgi	H	L	A	0.045	ITC
5zxv	H	L	A	0.00576	SPR
2or9	I	M	P	0.049999999999999996	ITC
1nby	B	A	C	9.09	SPR
4wv1	E	D	F	0.00026000000000000003	SPR
6d01	G	H	J	0.0286	Unknown
5grj	H	L	A	4.21e-06	SPR
2fx8	I	M	Q	0.030199999999999998	SPR
4mhh	G	I	C	9e-05	BLI
5igx	H	L	G	0.07110000000000001	SPR
1hh6	B	A	C	0.01	Other
1etz	B	A	B	0.007300000000000001	Other
2y07	H	L	P	0.06	Unknown
4x7d	D		A	0.00035	ITC
2pcp	B	A	B	0.0002	Unknown
2oqj	H	G	I	20.0	SPR
2yk1	H	L	H	0.00074	Other
6b08	C	B	A	0.0016	BLI
3etb	H	h	L	3.5000000000000004e-06	SPR
1qyg	H	L	H	0.014	Unknown
3kdm	H	L	H	0.01	Other
1za3	H	L	R	0.0034	SPR
4ris	H	L	P	0.09	Unknown
1fe8	H	L	A	0.19999999999999998	Unknown
4jg0	H	L	P	0.0172	Unknown
6mnf	M	K	M	0.13	Unknown
6bli	A	B	C	5.2000000000000004e-05	Unknown
4u6v	K	M	B	1e-06	SPR
3eo1	E	D	F	2.5e-05	Other
2bjm	H	L	H	19.99999999999	Unknown
4m1d	I	M	Q	0.0023	Unknown
3nh7	J	N	C	0.002	SPR
1oay	J	N	J	0.12	Other
4pou	B		A	0.015700000000000006	ITC
2jix	F	A	C | B	0.0029999999999999996	SPR
3w2d	H	L	A	5.787000000000001e-05	SPR
4fqi	H	L	B | A	9e-05	BLI
1op9	A		B	7e-05	SPR
3lrh		C	D	0.0045000000000000005	Unknown
4gxu	S	T	G	0.000624	SPR
4jn2	H	L	L	2.1e-07	Unknown
5hhx	H	L	A	0.000616	Unknown
5c0n	C	D	B	0.4129999999999999	SPR
4krp	B		A	0.0166	SPR
2xqb	H	L	A	5.2e-06	SPR
5toj	D		A	0.0023	SPR
4k3h		C	D	0.014	Unknown
5wt9	H	L	G	0.000145	SPR
6ayn	B	A		0.9199999999999998	Unknown
3fku	T	t	L | K	1.3e-05	SPR
6ii9	P	Q	E	0.0019399999999999999	SPR
4gw1	D	C		0.043000000000000003	Unknown
4k9e	H	L	C	6.4e-07	SPR
3b2u	Q	R	P	0.0001	SPR
3eyu	H	L	Q	0.0024	SPR
5ush	D	E	A	0.00015	SPR
5yoy	H	E	C	1.8e-06	Unknown
1mlc	D	C	F	0.009099999999999999	SPR
3uyp	A	a	B	0.41	ELISA
2qr0	L	K	I	0.00078	SPR
4g6j	H	L	A	0.00040999999999999994	SPR
5usl	H	L	X	1.6000000000000004e-06	SPR
2fjh	B	A	W	0.00038	SPR
4am0	H	L	R	4.2e-05	ELISA
5w08	O	P	E	0.004	SPR
5utz	F	G	E	0.0001879	SPR
6db9	H	L	R	0.0708	Unknown
4dke	I	M	B	1.2e-05	SPR
4ybl	B	C	A	1.7000000000000003e-05	SPR
4xh2	G	I	g	0.0006000000000000001	Unknown
3mxw	H	L	A	7e-05	ITC
1zvy	A		B	1e-05	SPR
1kxq	F		C	0.00035	SPR
1p4b	H	L	P	4e-06	SPR
5czx	C	D	B	6e-05	SPR
2oqj	K	J	L	20.0	SPR
2g2r	H	L	L	0.0013000000000000002	Unknown
2h9g	H	L	S	0.0005	SPR
5anm	D	C	E	1.9499999999999999e-07	Kinetic Exclusion Assay
6mi2	D	E	F	0.0069000000000000025	SPR
2fjg	H	L	W	0.002	SPR
1kxv	C		A	0.0025	SPR
3bgf	H	L	S	0.0026000000000000003	SPR
3ifl	H	L	P	0.00084	SPR
4k3h		B	A	0.014	Unknown
5o0w	G		C	7.3829999999999994e-06	SPR
2zpk	H	L	P	0.147	SPR
4py8	I	J	B | A	0.0001	SPR
1fl6	H	L	H	2.5	SPR
1hez	B	A	E	0.014499999999999999	Other
5xxy	H	L	A	0.000996	ELISA
3p0g	B		A	8.4e-06	Unknown
5iop	B	A		2.9	Unknown
4j4p	H	L	A	0.004	SPR
6df2	H	L	D	0.005720000000000002	Unknown
3eyf	B	A	E	0.009399999999999999	ITC
1hh9	B	A	C	1.0	Other
5j56	B		A	0.00032	SPR
5aaw	H	h	I	0.0004320000000000001	SPR
2p46	B		A	0.011600000000000001	Other
5wi9	F	E	B	8.6e-06	SPR
3a6c	H	L	Y	0.000714	ITC
1fl6	B	A	B	2.5	SPR
1kxt	F		E	0.0235	SPR
3q3g	D	C	G	0.000497	SPR
4jzj	A	B	D	0.0004	SPR
6ii9	M	N	C	0.0019399999999999999	SPR
2vyr	K			0.004399999999999999	ITC
5kvf	H	L	E	0.0032	SPR
4kfz	D		B	0.0094	Unknown
5e8d	H	L	A	0.0006500000000000001	Unknown
5ush	H	L	X	0.00015	SPR
3t0w		B	A	0.005	Unknown
4fqy	H	L	B | A	0.00022000000000000003	BLI
5id0	D	C		0.17	Unknown
3fku	X	x	F | E	1.3e-05	SPR
5i5k	H	L	B	1.7600000000000003e-06	SPR
4mhj	W	V	S	0.0001	BLI
4fqv	H	L	B | A	0.00010999999999999999	BLI
3ixt	H	L	P	0.0241	SPR
3eo1	B	A	C	2.5e-05	Other
6bb4	H	L	P	0.0015400000000000001	Unknown
2fjh	H	L	V	0.00038	SPR
2w9e	H	L	A	1e-05	Other
1zmy	A		L	0.005200000000000001	SPR
2fr4	H	L	N	0.39999999999999997	Unknown
6eyo	H	L	A	2e-06	SPR
3ifp	H	L	P	0.00245	SPR
2hfg	H	L	R	6e-05	SPR
4x7e	C		A	0.0007000000000000001	ITC
1i7z	B	A	A	0.04	Unknown
3idy	B	C	A	0.000404	SPR
2vxs	H	L	B	0.00021	SPR
5fcu	H	L	G	0.0006000000000000001	SPR
2b2x	H	L	A	0.000172	Other
5o0w	F		B	7.3829999999999994e-06	SPR
4wht	G	H	g	0.0007900000000000001	Unknown
4hjj	H		A	1.6e-05	Unknown
3etb	G	g	K	3.5000000000000004e-06	SPR
3i02	B	A	A	0.0029999999999999996	Unknown
5wux	A	B	F	2.74e-06	SPR
2j6e	I	M	B	0.06	Unknown
4hlz	I	J	D | C	0.0002	BLI
6a67	C	D	B	0.0001004	SPR
2mpa	H	L	P	0.00091	Unknown
1m7d	B	A	A	0.059	Unknown
3l5x	H	L	A	2.69e-05	SPR
2r1y	B	A	B	3.1	Unknown
1y0l	H	L	H	0.0001	Unknown
3fn0	H	L	P	4.0	Unknown
2vxq	H	L	A	1.1e-05	SPR
4j8r	D	C	J	0.002	Unknown
1jrh	H	L	I	0.00142	SPR
6b3k	H	L	R	0.012000000000000004	Unknown
5omn	C		B	0.0009500000000000001	ITC
5wtt	A	B	C	0.024999999999999998	Unknown
4k3h		F	E	0.014	Unknown
4zff	A	B	C	0.0005	SPR
5kzp	G	K	D	0.007	Unknown
2j5l	C	B	A	0.0077	SPR
3lhp	I	M	T	7.5e-07	SPR
5i8c	A	B	C	0.0025	Unknown
5aaw	B	b	J	0.0004320000000000001	SPR
2vxs	I	M	A	0.00021	SPR
3hi6	X	Y	B	0.47	SPR
1mjj	H	L	H	0.000183	Unknown
5w1m	D	C	T	0.00163	SPR
4r2g	N	M	A	0.0034	ITC
6b0g	D	C	E	0.0031	BLI
3eyf	D	C	F	0.009399999999999999	ITC
6fgb	H	L	A | B	5.9e-06	SPR
3ghe	H	L	P	0.13	Other
5czv	H	L	A	3e-05	SPR
2vyr	H		D	0.004399999999999999	ITC
4jfz	H	L	P	0.0071	Unknown
2qr0	T	S	U	0.00078	SPR
5j74	B	b	b	0.00019	Unknown
4gxu	Q	R	E	0.000624	SPR
3h3p	H	L	S	0.0014	SPR
4nm8	J	N	F | E	0.00025	BLI
1kxv	D		B	0.0025	SPR
3o6m	H	L	C	0.0033	Other
1dqj	B	A	C	0.000286	SPR
4gxu	O	P	C	0.000624	SPR
4g6f	B	D	F	0.0017	Unknown
3lrh		I	J	0.0045000000000000005	Unknown
6b14	H	L	R	0.0005	Unknown
5te6	H	L	G	0.000259	SPR
2fl5	F	E	F	0.00018	Unknown
4z5r	B	A	N	1.8e-06	SPR
4jan	H	L	G	0.002	SPR
4zfo	H	L	K	2.1e-06	Unknown
6e62	H	L	P	0.00032	SPR
5hvg	B		A	6.3e-05	SPR
2jel	H	L	P	0.00037	Other
4rdq	M	L	C	0.0015000000000000002	Unknown
2qr0	B	A	D	0.00078	SPR
5kve	H	L	E	0.0035	SPR
5usl	B	C	A	1.6000000000000004e-06	SPR
1nsn	H	L	S	1e-05	Other
3eys	H	L	Q	0.3	SPR
4jfx	B	A		0.036000000000000004	Unknown
2r0l	H	L	A	0.00146	SPR
2qr0	F	E	C	0.00078	SPR
2nxz	D	C	A	0.0529	SPR
3ijy	B	A	B	0.091	Unknown
5icz	D	C		0.5	Unknown
6ddr	B	A	C	9.400000000000001e-05	ITC
5o03	C		A	0.006000000000000002	ITC
3ixt	A	B	C	0.0241	SPR
1p2c	B	A	C	9.8e-06	SPR
4dkf	I	M	B	0.00031	SPR
5m2m	F		A	0.00015	SPR
1qfu	H	L	A	0.0003	SPR
4p59	H	L	A	3.2e-06	Solution Equilibrium Titration
6ehg	C		B | A	2.4e-05	SPR
4x7e	D		B	0.0007000000000000001	ITC
5kw9	H	L	A	0.00205	BLI
4odx	A	L	Y	0.00020600000000000002	SPR
3vg9	C	B	A	0.00044000000000000007	SPR
6fe4	H		C	0.00096	SPR
5sx5	J	K	M	0.00011499999999999999	SPR
5t1m	B	A		0.15	Unknown
4zs6	H	L	A	0.0312	SPR
5aaw	A	a	C	0.0004320000000000001	SPR
1bvk	B	A	C	0.0014	Other
3ma9	H	L	A	0.001	ITC
4hlz	K	L	F | E	0.0002	BLI
3i02	D	C	D	0.0029999999999999996	Unknown
4nm8	I	M	D | C	0.00025	BLI
1nbz	B	A	C	0.106	SPR
5t6l	A	B	G	2.85e-06	SPR
1cz8	Y	X	V	1.1e-05	SPR
5hyq	D	C		0.015000000000000001	Unknown
6a67	H	L	A	0.0001004	SPR
5e7f	C		I	0.00091	SPR
5ff6	D	C		0.9500000000000001	Unknown
1kxq	H		A	0.00035	SPR
5lhn	B		A	0.00112	SPR
6mft	A	B	C	0.23	SPR
6aod	B	A	C	1.62e-05	SPR
5yhl	H	L	A	0.0018000000000000002	Unknown
5tzt	A	B	D	0.000287	SPR
3p11	H	L	A	0.000255	SPR
6h7n	C		A	0.00035	Unknown
4jn2	B	A	A	2.1e-07	Unknown
5d72	M	N	B	6.000000000000001e-07	Unknown
1za3	B	A	S	0.0034	SPR
1yei	H	L	L	0.0035	Unknown
2r8s	H	L	R	0.0051	Unknown
2xtj	D	B	A	0.00043999999999999996	SPR
5hys	E	F	J	3.89e-06	SPR
1qfw	I	M	B	0.001	Unknown
4k3h		D	D	0.014	Unknown
5dfv	C	D	A	5e-05	SPR
5y7z	C		A	0.0015400000000000001	Unknown
5t5b	H	L	E	1.2299999999999999e-05	SPR
5boz	L		F	7e-05	SPR
6b3s	H	L	A	0.0012000000000000001	SPR
3ijh	D	C	C	10.0	Unknown
5hgg	S		B	5.4e-06	SPR
3ifo	H	L	P	0.00545	SPR
6axp	D	C		0.85	Unknown
1fsk	I	H	G	2.4e-05	Unknown
6bkb	H	L	E	0.00015	BLI
5t5f	H	L	A	1.8999999999999998e-05	SPR
2nz9	F	E	B	6.800000000000001e-07	Other
5alc	H	L	L	0.0007400000000000001	Unknown
1dee	F	E	H	0.04	Unknown
4wen	B		A	0.01	SPR
1etz	H	L	H	0.007300000000000001	Other
1oay		O		0.12	Other
1tzi	B	A	V	0.001	SPR
4kfz	C		A	0.0094	Unknown
3iu3	H	L	I	1.4000000000000001e-05	SPR
5whk	H	L	A | B	0.00018099999999999998	SPR
2wuc	H	L	A	0.0161	SPR
2aeq	H	L	A	0.0012	Other
3iu3	C	D	J	1.4000000000000001e-05	SPR
5icy	B	A		0.87	Unknown
6mi2	A	B	C	0.0069000000000000025	SPR
3eba	A		B	0.00023600000000000002	SPR
4m1d	H	L	P	0.0023	Unknown
3be1	H	L	A	0.0026000000000000003	SPR
5jds	B		A	0.0003	SPR
2qr0	N	M	O	0.00078	SPR
4wht	X	Y	x	0.0007900000000000001	Unknown
2xra	H	L	A	0.00033	SPR
3sqo	H	L	A	5e-07	SPR
5wux	H	L	E	2.74e-06	SPR
4xnm	B	A	D	0.0008	SPR
6axk	A	B	E	0.0305	Unknown
5d1x	B	A	E	2.1e-06	SPR
4jkp	H	L	G	0.0051	SPR
2ny5	H	L	G	0.0319	SPR
4zpt	H	L	S	0.000993	BLI
2ypv	H	L	A	3e-06	SPR
4xgz	S	T	s	0.0024000000000000002	Unknown
4etq	A	B	X	1.8e-05	SPR
5vm0	A		A	0.00016	Unknown
1kxt	D		C	0.0235	SPR
3eoa	B	A	J	0.00021999999999999998	SPR
1mfd	H	L	H	0.49000000000000005	Unknown
5csz	A	B	E	0.0017	Unknown
3ubx	H	L	A	0.00252	Unknown
3sdy	H	L	B | A	0.0001	Other
1i8m	B	A	D	0.27	Unknown
1mh5	B	A	B	6.1000000000000005e-05	Unknown
5kzp	E	I	B	0.007	Unknown
6azz	F	E	D	0.0006699999999999999	BLI
2fjg	B	A	V	0.002	SPR
5ghw	H	L	P	0.00096	Unknown
6azk	B	A		0.23	Unknown
3hae	I	G	D | F	0.0046	SPR
5bo1	H	L	B	7.900000000000001e-05	SPR
3nh7	I	M	B	0.002	SPR
6ejg	D	d	B	8.1e-05	SPR
1yym	H	L	G	0.9480000000000001	SPR
5kov	Q	q	N	0.00018700000000000005	SPR
2bmk	H	L		0.24	Unknown
2a6d	H	L		0.015	Unknown
5myx	B	A	E	0.0006850000000000001	Unknown
5d1x	C	D	E	2.1e-06	SPR
6cdm	A	B	C	8.05e-05	Unknown
3i9g	H	L	L	0.00010999999999999999	SPR
5cd5	C	D	A	0.028900000000000002	SPR
4xh2	J	K	j	0.0006000000000000001	Unknown
4dke	H	L	A	1.2e-05	SPR
4k2u	I	M	B	1.5300000000000002e-06	SPR
6d6u	K	L	D	0.00061	Unknown
2ny7	H	L	G	0.00364	SPR
4xgz	E	F	e	0.0024000000000000002	Unknown
4z5r	K	J	D	1.8e-06	SPR
3ngb	B	C	A	0.00077	SPR
3g6j	H	G	D | C	0.00019	SPR
1p2c	E	D	F	9.8e-06	SPR
3bpc	B	A	B	1.5999999999999999	Unknown
3o6l	H	L	C	0.0031	Other
4rdq	O	N	D	0.0015000000000000002	Unknown
2c1p	H	L	H	0.39999999999999997	Unknown
3b2u	H	L	A	0.0001	SPR
4zff	H	L	D	0.0005	SPR
2ny6	D	C	A	0.00185	SPR
5b71	D	C	F	1.5200000000000002e-05	SPR
4i3r	H	L	G	0.00119	SPR
2x89	C		E | G	0.004399999999999999	SPR
3qxv	B		B	0.0004	Unknown
2fx8	H	L	P	0.030199999999999998	SPR
4i18	H	L	C	0.00056	SPR
6h06	A	B	K	0.5599999999999999	Unknown
5j3h	C	D	E	0.00025	ITC
5etu	D	C		12.999999999999998	Unknown
2vxt	H	L	I	5.33e-05	SPR
5tru	H	L	C	0.00106	Unknown
4n9g	M	N	Z	3.26e-05	Unknown
4xgz	U	V	u	0.0024000000000000002	Unknown
1y0l	F	E	F	0.0001	Unknown
3fku	S	s	J | I	1.3e-05	SPR
4nj9	H	L	H	0.0108	Unknown
3qxv	D		D	0.0004	Unknown
3uyr	H	L	P	0.012700000000000001	Unknown
4xgz	G	I	g	0.0024000000000000002	Unknown
6df1	H	L	A	0.0277	Unknown
4xh2	H	L	h	0.0006000000000000001	Unknown
6azk	D	C		0.23	Unknown
4liq	H	L	E	2e-05	SPR
4yhm	H	L	H	1.73e-05	Unknown
4pgj	C		D	0.0026000000000000003	SPR
4zs7	H	L	A	2.1e-06	SPR
6h06	C	D	G	0.5599999999999999	Unknown
4why	I	J	A	0.0007900000000000001	Unknown
5myo	D	C		2.93e-06	Unknown
1axs	B	A	B	0.0017	Unknown
5bk1	H	L	A	0.00010999999999999999	SPR
4wht	C	D	c	0.0007900000000000001	Unknown
4k3h		H	G	0.014	Unknown
5hdq	H	L	A	0.00012	SPR
6fe4	J		E	0.00096	SPR
6d6t	J	I	B	0.00061	Unknown
5wtt	H	L	P	0.024999999999999998	Unknown
6h7o	C		A	1.4000000000000003e-05	Unknown
6b0a	H	L	A	0.00037000000000000005	BLI
2xzc	H	L	L	0.23	ITC
2bmk	B	A		0.24	Unknown
3ngb	J	K	I	0.00077	SPR
1a4k	H	L	H	0.001	Other
4jlr	H	L	S	2.9899999999999993e-06	SPR
2j4w	H	L	D	6e-05	SPR
5utz	H	L	D	0.0001879	SPR
5o05	C		B	8.1e-05	ITC
5k59	E	F	B	2.5e-07	SPR
3g6j	F	E	B | A	0.00019	SPR
4f9p	C	c	A	0.0015000000000000002	SPR
3hi1	H	L	G	0.00112	SPR
5sx4	J	I	M	3.4000000000000007e-05	SPR
5n88	H		E	0.10130000000000002	SPR
3qxv	C		C	0.0004	Unknown
5dfv	E	F	B	5e-05	SPR
4o4y	H	L	A	0.00155	Unknown
5aam	B	b	J	0.00038	SPR
3ubx	G	I	D	0.00252	Unknown
5t1k	D	C		0.053	Unknown
1mj7	H	L	H	0.00045000000000000015	Unknown
4m7j	H	L	H	0.0781	Unknown
3ifp	A	B	Q	0.00245	SPR
5e7f	A		G	0.00091	SPR
4jlr	A	B	C	2.9899999999999993e-06	SPR
3gkz	a	A	A	0.001	Unknown
4mhj	R	Q	O	0.0001	BLI
4hlz	G	H	B | A	0.0002	BLI
3ux9	B	b	A	7.47e-05	SPR
5o03	D		B	0.006000000000000002	ITC
1yy9	D	C	A	0.00022999999999999998	SPR
1fsk	L	K	J	2.4e-05	Unknown
5kov	U	u	T	0.00018700000000000005	SPR
5d8j	H	L	A	0.00017800000000000002	SPR
5j74	A	a	a	0.00019	Unknown
3g5v	B	A	C	0.008499999999999999	SPR
5jyl	D	d	C	0.00087	SPR
2j6e	H	L	A	0.06	Unknown
1oau		M		0.002	Other
3lev	H	L	A	6e-05	SPR
4qci	H	L	C	2.8e-06	SPR
4wht	O	P	o	0.0007900000000000001	Unknown
1kel	H	L	H	0.0037	SPR
5dfw	H	h	A	5e-05	SPR
5cjq	H	L	B | A	5e-05	BLI
6mnf	H	L		0.13	Unknown
5u4m	B		A	3.9000000000000006e-05	SPR
4i2x	B	A	E	0.12	AUC
5yoy	I	F	A	1.8e-06	Unknown
5vpl	D	C	A	0.0017	ITC
5itf	B	A		0.18	Unknown
5tru	h	l	c	0.00106	Unknown
3wd5	H	L	A	1.1500000000000002e-05	SPR
6d01	E	F	J	0.0286	Unknown
2eh8	H	L	P	0.0010999999999999998	Other
1i7z	D	C	C	0.04	Unknown
4m62	I	M	T	0.000257	SPR
4z5r	M	L	E	1.8e-06	SPR
3kdm	B	A	B	0.01	Other
2or9	H	L	P	0.049999999999999996	ITC
5id1	B	A		0.056	Unknown
3hzy	B	A	A	0.01	Unknown
4wht	U	V	u	0.0007900000000000001	Unknown
3lh2	I	M	T	0.00056	SPR
4n8c	I	M	Y	4e-05	Unknown
3zkq	D		A	0.00012	SPR
4hwb	H	L	A	5.6999999999999996e-05	Unknown
3p9w	D		C	0.0016	SPR
1nma	H	L	N	0.0014	Other
5m2i	J		E	5.400000000000001e-05	SPR
2fx8	K	O	S	0.030199999999999998	SPR
4kze	H	L	R	0.0025	Unknown
1oay	H	L	H	0.12	Other
5te4	H	L	G	0.00099	SPR
4xh2	C	D	c	0.0006000000000000001	Unknown
5e08	H	L	N	0.001	Unknown
2qr0	H	G	J	0.00078	SPR
4lu5	I	M	A	6.59e-06	SPR
3hae	T	S	P | R	0.0046	SPR
2wub	H	L	A	0.015	SPR
2bdn	H	L	A	4.6e-07	Other
1fe8	J	N	C	0.19999999999999998	Unknown
4kht	H	L	A	0.00043000000000000004	ITC
4lu5	H	L	B	6.59e-06	SPR
3q3g	H	F	I	0.000497	SPR
2jix	D	G	E	0.0029999999999999996	SPR
5w1m	F	E	Q	0.00163	SPR
5do2	H	L	A	0.016200000000000003	SPR
4z5r	U	T	I	1.8e-06	SPR
2fx7	H	L	P	0.002	SPR
2cgr	H	L	H	0.0053	Other
5sv3	C		D	6.27e-05	SPR
6ddv	B	A	C	0.0005780000000000001	ITC
5y80	B		A	0.000162	Unknown
6flc	B	A	I	0.017669999999999998	SPR
4xgz	J	K	j	0.0024000000000000002	Unknown
4wht	I	J	i	0.0007900000000000001	Unknown
2p49	B		A	0.0023	Other
4am0	E	F	Q	4.2e-05	ELISA
3r1g	H	L	B	0.00013000000000000002	SPR
3u0t	D	C	E	3e-05	Unknown
3lrh		E	F	0.0045000000000000005	Unknown
5k59	H	L	A	2.5e-07	SPR
5e2w	H	L	P	0.0031	Unknown
5e2v	H	L	P	0.08310000000000001	Unknown
6cbp	A	a	P	0.7	Unknown
1h8s	B	b		0.154	Unknown
6axl	D	C	G	0.0078	Unknown
1iqd	B	A	C	1.4e-06	SPR
6bli	J	K	L	5.2000000000000004e-05	Unknown
6h0e	E	F	J	0.024000000000000007	Unknown
4qyo	A	B	Q	0.0006000000000000001	Unknown
4k2u	H	L	A	1.5300000000000002e-06	SPR
2y6s	H	L	Q	0.0103	Unknown
6fe4	G		B	0.00096	SPR
5otj	H	L	C	1.7000000000000003e-05	SPR
4m62	H	L	S	0.000257	SPR
4krl	B		A	0.0047	SPR
2p42	B		A	0.0023	Other
1bj1	K	J	V	0.00033999999999999997	SPR
5w1m	H	G	S	0.00163	SPR
5c6t	H	L	A	1.3000000000000001e-05	SPR
6cdo	A	B	C	0.000106	Unknown
4g6m	H	L	A	2.8999999999999997e-05	SPR
4zfo	A	B	F	2.1e-06	Unknown
4qy8	A	B	Q	0.0064	Unknown
4yhp	C	D	Q	0.0002	Unknown
4rgo	H	L	S	0.0007900000000000001	BLI
5do2	C	D	B	0.016200000000000003	SPR
1bvk	E	D	F	0.0014	Other
4gw1	B	A		0.043000000000000003	Unknown
4wht	S	T	s	0.0007900000000000001	Unknown
3ifo	A	B	Q	0.00545	SPR
4weu	E		A	0.57	SPR
5iop	D	C		2.9	Unknown
1oar	J	N		0.004	Other
5sx5	H	L	N	0.00011499999999999999	SPR
5kov	I	i	G	0.00018700000000000005	SPR
4u6h	C	D	J	9.1e-06	SPR
3qwo	A	B	C	0.0087	SPR
3iet	D	C	Q	0.014	Unknown
1qfw	H	L	A	0.001	Unknown
4bkl	A	B	E | G | F	0.0274	Unknown
2nxy	D	C	A	0.079	SPR
2e27	H	L	H	4.5e-05	Unknown
3uc0	H	L	A	0.00013000000000000002	Other
6b0e	B	A	E	0.0041	BLI
1i8m	H	L	T	0.27	Unknown
4jfx	H	L	P	0.036000000000000004	Unknown
5d72	H	L	A	6.000000000000001e-07	Unknown
5e8e	B	A	H	0.00018	SPR
1tzh	B	A	W	0.00018	SPR
5j13	C	B	A	6e-06	SPR
5kov	O	o	M	0.00018700000000000005	SPR
5n7w	H	L	X	0.008	SPR
4x7f	C		A	0.0028000000000000004	ITC
3uzv	B	b	A	4.3e-05	ELISA
6mft	H	L	G	0.23	SPR
4hs6	B	A	Z	0.0030000000000000005	Unknown
5t1k	B	A		0.053	Unknown
2r1x	B	A	B	1.5999999999999999	Unknown
4hix	H	L	A	0.015100000000000004	Unknown
1oau		O		0.002	Other
4lqf	H	L	A	6.45e-06	SPR
6b0s	H	L	C	0.0178	SPR
1ct8	B	A	D	0.03	Unknown
6mlk	H	L	A	0.0013000000000000002	SPR
1h8s	A	a	a	0.154	Unknown
5hvf	B		A	3e-06	SPR
4why	K	L	C	0.0007900000000000001	Unknown
6f7t	B	A	D	3.6e-05	Unknown
2vir	B	A	C	0.0001	Other
1tzh	H	L	V	0.00018	SPR
5ivn	A		B	0.00014	Unknown
2i60	R	Q	P	0.0006240000000000001	SPR
2fl5	D	C	D	0.00018	Unknown
5l6y	H	L	C	5.8e-06	SPR
6ii4	H	L	A	0.0016600000000000002	SPR
2p45	B		A	0.011600000000000001	Other
5t1m	D	C		0.15	Unknown
5nmv	H	L	K	0.0001	SPR
4hjj		L		1.6e-05	Unknown
4kro	D	C	A	0.02760000000000001	SPR
5xjm	H	L	A	4.3e-05	Unknown
2vyr	J		A	0.004399999999999999	ITC
4xgz	H	L	h	0.0024000000000000002	Unknown
5esq	D	C		0.16	Unknown
5gkr	C	D		0.000461	Unknown
4xgz	W	X	w	0.0024000000000000002	Unknown
6axl	A	B	I	0.0078	Unknown
5o2u	B		A	6.9e-05	SPR
5hys	H	L	I	3.89e-06	SPR
4cni	H	L	C	1e-06	SPR
6h0e	H	L	I	0.024000000000000007	Unknown
4n9g	E	F	D	3.26e-05	Unknown
4f37	H	L	A	0.0005499999999999999	SPR
5ngv	H	L	A	1.6e-06	Unknown
1ri8	A		B	0.00029	SPR
5kov	E	e	B	0.00018700000000000005	SPR
2vyr	L			0.004399999999999999	ITC
5mzv	D		A	0.0036000000000000003	Unknown
2g2r	B	A	A	0.0013000000000000002	Unknown
3ux9	D	d	C	7.47e-05	SPR
5th2	D	C		3.0	Unknown
5boz	H		B	7e-05	SPR
4ybl	H	L	G	1.7000000000000003e-05	SPR
6b9j	A	B	Y	3.5e-05	SPR
6d01	A	B	I	0.0286	Unknown
6d6u	J	I	B	0.00061	Unknown
4wht	M	N	m	0.0007900000000000001	Unknown
5m2m	N		M	0.00015	SPR
2r2b	B	A	B	6.3	Unknown
3l95	B	A	X	0.00025	SPR
3lh2	J	N	U	0.00056	SPR
3eob	B	A	J	0.00021999999999999998	SPR
5dyo	A	B	H	6.099999999999999e-06	Unknown
3uze	A	a	C	0.0008	ELISA
1yyl	H	L	G	0.0004	ITC
4i18	A	B	R	0.00056	SPR
3skj	H	L	E	8.1e-05	SPR
5w1m	B	A	R	0.00163	SPR
3b2u	C	D	B	0.0001	SPR
4d9r	E	D	B	4e-07	SPR
5fhx	H		A	1.2000000000000002e-06	SPR
5hpm	B	A		0.0074	Unknown
1wej	H	L	F	0.00158	ITC
5y11	A	B	C	0.00259	SPR
3ikc	D	C	C	0.0035	Unknown
6bkd	H	L	E	0.011300000000000001	BLI
5t78	D	C	E	0.0043	Unknown
6f7t	H	L	C	3.6e-05	Unknown
4cni	A	B	D	1e-06	SPR
5w0k	H	L	A	0.006880000000000002	SPR
5b71	B	A	E	1.5200000000000002e-05	SPR
4gqp	h	H	H	2.5e-05	Unknown
5id1	D	C		0.056	Unknown
2uzi	H	L	R	0.00062	SPR
4hpy	H	L	P	1.2e-05	Unknown
5bk1	C	D	B	0.00010999999999999999	SPR
4eig	B		A	0.0001	SPR
1kxq	E		D	0.00035	SPR
4r8w	H	L	B | A	1.8299999999999998e-05	SPR
6au5	B	A		0.27	Unknown
2y6s	D	C	P	0.0103	Unknown
6ayn	D	C		0.9199999999999998	Unknown
5utz	B	C	A	0.0001879	SPR
2ny2	D	C	A	0.0123	SPR
2r0k	H	L	A	6e-05	SPR
4qxt	A	B	Q	0.0016	Unknown
5d71	H	L	A	6.5e-06	Unknown
4fqj	H	L	A	9e-05	BLI
4zpt	A	B	R	0.000993	BLI
1dee	D	C	G	0.04	Unknown
3k2u	H	L	A	1.6e-05	SPR
3a67	H	L	Y	0.000562	ITC
3t0x		B	A	0.001	Unknown
2b2x	I	M	B	0.000172	Other
5fhx		L		1.2000000000000002e-06	SPR
2p4a	B		A	1.8e-05	Other
4z5r	Q	P	G	1.8e-06	SPR
5kn5	A	B	C	1.0199999999999999e-05	Unknown
5eoc	H	L	P	0.00303	Unknown
4hs8	H	L	A	0.0012000000000000001	Unknown
4j4p	C	D	B	0.004	SPR
5ikc	B	A	M	0.0027	SPR
3qxv	E		E	0.0004	Unknown
5tkk	H	L	A	0.0005290000000000001	Unknown
1fsk	C	B	A	2.4e-05	Unknown
4xgz	Q	R	q	0.0024000000000000002	Unknown
2iff	H	L	Y	0.001	Unknown
1yym	R	Q	P	0.9480000000000001	SPR
4fqv	I	M	F | E	0.00010999999999999999	BLI
4wy7	H	L	P	0.0167	Unknown
4hs6	H	L	Y	0.0030000000000000005	Unknown
2a6d	B	A	P	0.015	Unknown
2ntf	B	A	B	0.03	Other
4w6w	B		A	0.000357	SPR
4wem	B		A	0.6799999999999999	SPR
4mhj	F	E	C	0.0001	BLI
3g6d	H	L	A	1.84e-06	Unknown
3l95	H	L	Y	0.00025	SPR
3vw3	H	L	A | B | A	0.022000000000000002	Unknown
6mhr	D	E	F	0.0022	SPR
1w72	H	L	A | C	0.0014	SPR
1oar	H	L		0.004	Other
1c5c	H	L	L	0.011000000000000001	Unknown
3b2v	H	L	A	0.00033	SPR
3v6z	C	D	E	0.00033	SPR
4yhz	H	L	P	0.0011	Unknown
5o0w	E		A	7.3829999999999994e-06	SPR
3gjf	M	K	D | F	0.006299999999999999	SPR
4krp	D	C	A	0.0166	SPR
5w08	G	H	A	0.004	SPR
2hrp	H	L	P	0.0005	SPR
1igj	B	A	B	4.17e-06	Other
4nja	H	L	H	0.060000000000000005	Unknown
4jg1	H	L	P	0.023200000000000002	Unknown
5m2i	H		A	5.400000000000001e-05	SPR
1dl7	H	L	L	0.032	Unknown
3uze	B	b	D	0.0008	ELISA
5ip4	B		D	0.0451	SPR
4gms	I	M	C	0.002	BLI
6b9j	H	L	X	3.5e-05	SPR
4k94	H	L	C | C	6.3e-05	SPR
5vpg	D	C	A	0.0019000000000000002	ITC
1fl3	H	L	L	0.016	Unknown
5nqw	D		A	0.00014	SPR
5nh3	H	L	A	9.730000000000001e-05	Unknown
6azl	D	C		1.1800000000000002	Unknown
1m7i	B	A	A	0.39999999999999997	Unknown
3t2n	I	M	B	0.00398	SPR
6ejg	C	c	A	8.1e-05	SPR
5cin	H	L	P	0.0018000000000000002	Unknown
3c09	C	B	A	0.0043	SPR
5yy4	A	a	B	0.037	Unknown
4lmq	H	L	D	9.23e-05	BLI
3q3g	B	A	E	0.000497	SPR
3ngb	E	F	D	0.00077	SPR
5w08	M	N	F	0.004	SPR
4rgm	H	L	S	0.00229	BLI
5m2m	D		B	0.00015	SPR
2p46	D		C	0.011600000000000001	Other
1sm3	H	L	P	2.4	Unknown
1yej	H	L	L	0.0035	Unknown
5c0n	H	L	A	0.4129999999999999	SPR
4gms	H	L	A	0.002	BLI
5w08	Q	R	D	0.004	SPR
5zia	H	I	J	0.03	Unknown
1gaf	H	L	H	0.001	Unknown
5myx	D	C	F	0.0006850000000000001	Unknown
1fsk	F	E	D	2.4e-05	Unknown
4mhh	J	K	A	9e-05	BLI
6axp	B	A		0.85	Unknown
5dd0	H	L	P	0.00837	Unknown
5aaw	F	f	G	0.0004320000000000001	SPR
3p9w	B		A	0.0016	SPR
4xgz	M	N	m	0.0024000000000000002	Unknown
6ii9	H	L	A	0.0019399999999999999	SPR
6ddm	B	A	C	4.2e-05	ITC
6d01	C	D	I	0.0286	Unknown
4n9g	A	B	C	3.26e-05	Unknown
3u0t	B	A	F	3e-05	Unknown
3wih	H	L	A	0.0019000000000000002	ITC
1mhh	B	A		0.0001	Unknown
3lrh		M	N	0.0045000000000000005	Unknown
4k3h		A	A	0.014	Unknown
1ob1	E	D	F	2e-05	Other
2fr4	B	A	M	0.39999999999999997	Unknown
6mu3	M	K	M	0.06999999999999999	Unknown
4rdq	K	J	B	0.0015000000000000002	Unknown
3rkd	H	L	A	0.000589	SPR
5th2	B	A		3.0	Unknown
4am0	A	B	S	4.2e-05	ELISA
5te7	H	L	G	0.000281	SPR
5m2i	G		B	5.400000000000001e-05	SPR
5jhl	H	L	A	0.00027	SPR
4k3h		G	G	0.014	Unknown
5vag	C	B	A	0.00094	SPR
5u7m	H	L	G	0.018000000000000002	Unknown
5o05	D		A	8.1e-05	ITC
5sv3	A		B	6.27e-05	SPR
5tkj	D	E	F	0.0007150000000000001	Unknown
5cil	H	L	P	0.0041	Unknown
4r2g	J	I	K	0.0034	ITC
6d6t	K	L	D	0.00061	Unknown
4uu9	H	L	D	1.4e-06	SPR
2p4a	D		C	1.8e-05	Other
5d1q	C	D	E	1.3e-06	SPR
1mpa	H	L	P	0.00091	Unknown
6cwt	A	B	E	2e-07	AUC
3l5w	H	L	I	5.4e-06	SPR
5myo	B	A	E	2.93e-06	Unknown
6b5t	H	L	A	0.000221	Unknown
4qci	B	A	D	2.8e-06	SPR
4dtg	H	L	K	7.299999999999998e-06	SPR
4np4	H	L	A	1.8999999999999998e-06	SPR
3ogo	H		B	0.00014	Other
5n7w	A	B	Y	0.008	SPR
1mjj	B	A	A	0.000183	Unknown
4aei	J	N	C	8e-05	Unknown
4wht	E	F	e	0.0007900000000000001	Unknown
5fv2	C		W	7.170000000000001e-07	SPR
6azz	C	B	A	0.0006699999999999999	BLI
5t78	B	A	F	0.0043	Unknown
2nz9	D	C	A	6.800000000000001e-07	Other
3p9w	H		G	0.0016	SPR
4y8d	C		A	0.0008900000000000001	Unknown
3bdy	H	L	V	0.03	SPR
3lh2	H	L	S	0.00056	SPR
4eiz	D		A	0.0003	SPR
3fku	Y	y	B | A	1.3e-05	SPR
1f4y	H	L	H	0.0833	Other
4m8q	H	L	C	0.00039600000000000003	SPR
4fab	H	L	H	0.0008330000000000001	Other
6bit	I	K	H	0.00026000000000000003	SPR
1fe8	I	M	B	0.19999999999999998	Unknown
1oay		M		0.12	Other
4d9q	E	D	B	3e-06	SPR
1dzb	B	b	Y	0.052	Other
3bky	H	L	P	0.043500000000000004	SPR
1y0l	D	C	D	0.0001	Unknown
4n9g	H	L	Y	3.26e-05	Unknown
3ogo	F		C	0.00014	Other
5id0	B	A		0.17	Unknown
3a6b	H	L	Y	0.0108	ITC
4k24	H	L	U	0.054	Saturation Analysis
3lrh		K	L	0.0045000000000000005	Unknown
3hi1	B	A	J	0.00112	SPR
6msy	H	L	H	0.01	Unknown
3uzq	A	a	B	8.2e-06	ELISA
2fx9	I	M	Q	0.0017	SPR
5a2k	H	h	P	0.045	Unknown
5anm	B	A	G	1.9499999999999999e-07	Kinetic Exclusion Assay
5boz	K		E	7e-05	SPR
4z5r	S	R	H	1.8e-06	SPR
2vyr	F		B	0.004399999999999999	ITC
5zia	K	M	N	0.03	Unknown
2ny4	D	C	A	0.0442	SPR
3wih	I	M	B	0.0019000000000000002	ITC
4uu9	A	B	C	1.4e-06	SPR
5t6p	B	A	F	0.08800000000000001	Unknown
3ggw	D	C	F	0.29000000000000004	ITC
5u7m	D	E	B	0.018000000000000002	Unknown
4w6y	B		A	0.000158	SPR
2dd8	H	L	S	0.002	SPR
5m2i	K		D	5.400000000000001e-05	SPR
6eyo	I	M	B	2e-06	SPR
6ii8	G	I	A	0.0386	SPR
5hvg	D		C	6.3e-05	SPR
6cdm	D	E	F	8.05e-05	Unknown
5w6g	H	L	A	0.212	BLI
3ru8	H	L	X	0.00335	SPR
5kvg	H	L	E	0.0008800000000000001	SPR
6bli	G	H	I	5.2000000000000004e-05	Unknown
6flc	H	L	G	0.017669999999999998	SPR
5icx	D	C		0.011000000000000001	Unknown
4np4	I	M	A	1.8999999999999998e-06	SPR
2qr0	X	W	V	0.00078	SPR
5icz	B	A		0.5	Unknown
5ff6	B	A		0.9500000000000001	Unknown
1cz8	H	L	W	1.1e-05	SPR
3qxv	A		A	0.0004	Unknown
4gw5	B	A		0.35	Unknown
5w0k	E	F	C	0.006880000000000002	SPR
2h9g	B	A	R	0.0005	SPR
5yoy	G	D	B	1.8e-06	Unknown
4xgz	O	P	o	0.0024000000000000002	Unknown
5w06	H	L	T	1.4000000000000003e-05	SPR
4yhp	A	B		0.0002	Unknown
6b3s	J	K	I	0.0012000000000000001	SPR
5ies	H	L	C	0.0368	SPR
2vwe	L	J	B	1.14e-05	SPR
4why	G	H	D	0.0007900000000000001	Unknown
3ogo	E		A	0.00014	Other
5itf	D	C		0.18	Unknown
4wht	K	L	k	0.0007900000000000001	Unknown
4ffz	Z	Y	X	0.041600000000000005	SPR
6df2	B	A	C	0.005720000000000002	Unknown
5m2j	D		A	1.3000000000000001e-05	SPR
5bvp	H	L	I	3.0499999999999996e-06	SPR
1oau	I			0.002	Other
4al8	H	L	C	4.5e-05	ELISA
4r2g	D	C	O	0.0034	ITC
5kov	W	w	S	0.00018700000000000005	SPR
4y8d	D		B	0.0008900000000000001	Unknown
2fl5	B	A	B	0.00018	Unknown
3hzk	B	A	B	0.02	Unknown
4kxz	J	I	B	0.0003	SPR
5jq6	H	L	A	7.900000000000001e-05	SPR
1uwx	M	K	Q	0.16	SPR
3qsk	B		A	0.01	ITC
2jb5	H	L	H	6e-05	Unknown
5w42	H	L	A	0.00443	SPR
4kxz	H	L	A	0.0003	SPR
4weu	D		B	0.57	SPR
2r56	H	L	A	0.00013000000000000002	SPR
5u7o	D	E	B	0.007300000000000001	Unknown
3fku	Z	z	D | C	1.3e-05	SPR
1axs	H	L	H	0.0017	Unknown
6ii4	E	F	C	0.0016600000000000002	SPR
3pp4	H	L	P	0.7	ITC
5m2m	E		C	0.00015	SPR
5etu	B	A		12.999999999999998	Unknown
4hj0	P	Q	A	0.0023	SPR
2p43	B		A	0.0023	Other
6ani	H	L		0.00078	Unknown
3hzv	B	A	A	0.03	Unknown
4d9q	H	L	A	3e-06	SPR
5jyl	B	b	A	0.00087	SPR
4f37	F	K	B	0.0005499999999999999	SPR
4r2g	Q	P	E	0.0034	ITC
2y36	H	L	P	0.038	Unknown
2p47	B		A	0.011600000000000001	Other
3iet	B	A	X	0.014	Unknown
1yyl	R	Q	P	0.0004	ITC
3b2u	J	K	I	0.0001	SPR
3idy	H	L	G	0.000404	SPR
5lcv	H	L	A | B	0.084	BLI
6e62	B	C	A	0.00032	SPR
6b5o	H	L	A	0.000466	Unknown
5xmh	D	C	B	15.999999999989999	SPR
3b2u	N	O	M	0.0001	SPR
4jpk	H	L	A	0.0044	SPR
5otj	B	A	D	1.7000000000000003e-05	SPR
2hrp	N	M	Q	0.0005	SPR
6bkc	H	L	E	8e-05	BLI
5f3b	A	B	C	3.0000000000000004e-07	SPR
2i5y	H	L	G	0.00027	SPR
1a4k	B	A	B	0.001	Other
5imk	B		A	0.085	ITC
4wht	Q	R	q	0.0007900000000000001	Unknown
5utz	J	K	I	0.0001879	SPR
1oar	K	O	K	0.004	Other
6mub	H	L	H	0.01	Unknown
3ngb	H	L	G	0.00077	SPR
4ffz	H	L	A	0.041600000000000005	SPR
4xh2	E	F	e	0.0006000000000000001	Unknown
6h0e	A	B	K	0.024000000000000007	Unknown
5d70	H	L	A	0.0002	Unknown
1uz8	H	L	H	1.0999999999999999	Unknown
3v6z	A	B	F	0.00033	SPR
4rgm	C	B	A	0.00229	BLI
5hpm	D	C		0.0074	Unknown
4mhj	T	X	M	0.0001	BLI
1y0l	B	A	A	0.0001	Unknown
3b2u	W	X	V	0.0001	SPR
4gw5	D	C		0.35	Unknown
5yoy	R	O	J	1.8e-06	Unknown
3skj	I	M	F	8.1e-05	SPR
5m2i	L		F	5.400000000000001e-05	SPR
4xnm	H	L	C	0.0008	SPR
5m2i	I		C	5.400000000000001e-05	SPR
5t6l	H	L	I	2.85e-06	SPR
5m63	M	N	N	0.011000000000000001	Unknown
4yk4	Z	Y	E	0.036399999999999995	BLI
5aam	A	a	C	0.00038	SPR
1eo8	H	L	A	0.0008900000000000001	SPR
4k3j	H	L	B	0.00012	SPR
3mj9	H	L	A	0.0007689999999999999	SPR
1uz8	B	A	H	1.0999999999999999	Unknown
4uin	H	L	H	0.0024000000000000002	Unknown
3bgf	B	C	A	0.0026000000000000003	SPR
6ejm	I	i	A	8.6e-05	SPR
5ikc	H	L	N	0.0027	SPR
1oar	I	M	I	0.004	Other
4od2	B	A	S	9.199999999999999e-05	Saturation Analysis
5hys	C	D	K	3.89e-06	SPR
3ijy	D	C	D	0.091	Unknown
3q1s	H	L	I	0.007300000000000001	ITC
2p48	B		A	0.011600000000000001	Other
4zfg	H	L	A	0.0005	SPR
5dmj	B		A	0.00053	SPR
5vyf	H	L	F	1.87e-05	SPR
4rdq	I	H	A	0.0015000000000000002	Unknown
5sy8	H	L	O	1.1199999999999999e-06	SPR
3idx	H	L	G	0.000404	SPR
4ps4	H	L	A	5.7e-07	SPR
1ct8	D	C	D	0.03	Unknown
5kvd	H	L	E	0.026600000000000002	SPR
2x89	B		F	0.004399999999999999	SPR
6ejm	H	h	B	8.6e-05	SPR
